operator_name,task_type,call_count,kernel_duration_total_us,kernel_duration_total_ms,kernel_duration_avg_us,wait_time_total_us,wait_time_avg_us,total_cost_us,step_kernel_share_percent
aclnnConvolution_Conv2dWithFlag_Conv2D,AI_CORE,146,271631.355000,271.631355,1860.488733,6.754000,0.046260,271638.109000,14.084559818
MultiScaleDeformableAttnGrad,AI_CORE,6,187430.755000,187.430755,31238.459167,0.534000,0.089000,187431.289000,9.718611758
aclnnConvolution_TransData_TransData,AI_CORE,435,102938.092000,102.938092,236.639292,25.554000,0.058745,102963.646000,5.337519722
aclnnMatmul_BatchMatMulNd_BatchMatMulV2,AI_CORE,1,82961.842000,82.961842,82961.842000,0.151000,0.151000,82961.993000,4.301716296
MultiScaleDeformableAttn,AI_CORE,6,82345.215000,82.345215,13724.202500,0.400000,0.066667,82345.615000,4.269743110
aclnnAdd_AddAiCore_Add,AI_CORE,2630,56952.923000,56.952923,21.655104,79106.499000,30.078517,136059.422000,2.953108454
aclnnReduceSum_ReduceSumOpAiCore_ReduceSum,AI_CORE,2313,56903.089000,56.903089,24.601422,36249.627000,15.672126,93152.716000,2.950524474
aclnnConvolutionBackward_Conv2DBackpropFilterWithFlag_Conv2DBackpropFilter,AI_CORE,77,53473.211000,53.473211,694.457286,4.808000,0.062442,53478.019000,2.772679314
aclnnNonzeroV2_NonzeroAiCore_NonZero,AI_CORE,3537,50571.830000,50.571830,14.297945,17845.611000,5.045409,68417.441000,2.622237645
aclnnIndex_IndexAiCore_Index,AI_CORE,4677,50063.406000,50.063406,10.704171,571797.020000,122.257220,621860.426000,2.595874974
aclnnBatchNorm_BNInfer_BNInfer,AI_CORE,59,49118.904000,49.118904,832.523797,3.383000,0.057339,49122.287000,2.546900897
aclnnMm_MatMulCommon_MatMulV2,AI_CORE,1906,46994.964000,46.994964,24.656329,2225.220000,1.167482,49220.184000,2.436770901
aclnnConvolutionBackward_Conv2DBackpropInputWithFlag_Conv2DBackpropInput,AI_CORE,76,43250.912000,43.250912,569.090947,4.837000,0.063645,43255.749000,2.242635270
aclnnUnique2_UniqueWithCountsAndSorting_UniqueWithCountsAndSorting,AI_CORE,488,42067.143000,42.067143,86.203162,139122.480000,285.087049,181189.623000,2.181254782
aclnnMul_MulAiCore_Mul,AI_CORE,2680,36466.201000,36.466201,13.606791,32876.499000,12.267350,69342.700000,1.890836164
aclnnInplaceRelu_Relu_Relu,AI_CORE,90,34472.007000,34.472007,383.022300,214.207000,2.380078,34686.214000,1.787433725
aclnnConvolutionBackward_TransData_TransData,AI_CORE,348,32525.413000,32.525413,93.463830,302.576000,0.869471,32827.989000,1.686499429
aclnnInplaceCopy_ViewCopyAiCore_ViewCopy,AI_CORE,1321,31837.096000,31.837096,24.100754,26693.771000,20.207245,58530.867000,1.650808991
aclnnIndexPutImpl_IndexPutV2_IndexPutV2,AI_CORE,3331,31445.689000,31.445689,9.440315,209630.398000,62.933173,241076.087000,1.630513855
aclnnDiv_RealDivAiCore_RealDiv,AI_CORE,1949,26341.978000,26.341978,13.515638,86305.085000,44.281727,112647.063000,1.365877532
aclnnNonzeroV2_NonzeroAiCore_MemSet,AI_CORE,3537,23037.139000,23.037139,6.513186,295271.275000,83.480711,318308.414000,1.194515862
aclnnBatchMatMul_BatchMatMulNd_BatchMatMulV2,AI_CORE,280,20445.995000,20.445995,73.021411,130.560000,0.466286,20576.555000,1.060160524
aclnnMaxPool2dWithMask_MaxPool3DWithArgmaxV2NcdhwAiCore_MaxPool3DWithArgmaxV2,AI_CORE,1,20318.754000,20.318754,20318.754000,0.000000,0.000000,20318.754000,1.053562856
aclnnInplaceCopy_TransposeAiCore_Transpose,AI_CORE,286,19030.772000,19.030772,66.541161,6783.137000,23.717262,25813.909000,0.986778741
aclnnMm_MatMulV3Common_MatMulV3,AI_CORE,155,18956.750000,18.956750,122.301613,2275.823000,14.682729,21232.573000,0.982940572
aclnnLinalgVectorNorm_LpNormV2_LpNormV2,AI_CORE,972,17171.284000,17.171284,17.665930,23395.551000,24.069497,40566.835000,0.890361043
aclnnInplaceMul_MulAiCore_Mul,AI_CORE,1596,15961.558000,15.961558,10.000976,26081.376000,16.341714,42042.934000,0.827634639
aclnnMm_MatMulCommon_MemSet,AI_CORE,1906,15576.528000,15.576528,8.172365,84639.131000,44.406679,100215.659000,0.807670162
aclnnAddmm_MatMulCommon_MatMulV2,AI_CORE,117,15088.563000,15.088563,128.962077,4776.433000,40.824214,19864.996000,0.782368325
aclnnSub_SubAiCore_Sub,AI_CORE,756,11636.527000,11.636527,15.392231,6869.502000,9.086643,18506.029000,0.603374233
aclnnThresholdBackward_ReluGrad_ReluGrad,AI_CORE,83,10924.639000,10.924639,131.622157,3227.005000,38.879578,14151.644000,0.566461598
aclnnIndex_TransposeAiCore_Transpose,AI_CORE,928,10620.212000,10.620212,11.444194,22748.973000,24.513980,33369.185000,0.550676527
aclnnInplaceZero_ZerosLikeAiCore_ZerosLike,AI_CORE,3026,9845.750000,9.845750,3.253718,174398.849000,57.633460,184244.599000,0.510519321
aclnnMean_ReduceMeanAiCore_ReduceMean,AI_CORE,6,8932.502000,8.932502,1488.750333,43.590000,7.265000,8976.092000,0.463165818
aclnnInplaceMaskedFillScalar_MaskedFillAiCore_MaskedFill,AI_CORE,200,8769.942000,8.769942,43.849710,1795.541000,8.977705,10565.483000,0.454736798
aclnnInplaceCopy_BroadcastToAiCore_BroadcastTo,AI_CORE,989,8525.168000,8.525168,8.619988,66834.829000,67.578189,75359.997000,0.442044839
aclnnEqScalar_EqualAiCore_Equal,AI_CORE,3583,7686.584000,7.686584,2.145293,283249.857000,79.053826,290936.441000,0.398562795
aclnnUpsampleBilinear2dBackwardV2_UpsampleBilinear2dGrad_UpsampleBilinear2dGrad,AI_CORE,4,7479.810000,7.479810,1869.952500,5.371000,1.342750,7485.181000,0.387841203
aclnnGeScalar_StridedSliceAiCore_StridedSlice,AI_CORE,952,7294.247000,7.294247,7.662024,29524.532000,31.013164,36818.779000,0.378219437
aclnnBatchNormBackward_BNTrainingUpdateGrad_BNTrainingUpdateGrad,AI_CORE,29,7257.057000,7.257057,250.243345,1.504000,0.051862,7258.561000,0.376291071
aclnnMul_StridedSliceAiCore_StridedSlice,AI_CORE,820,6888.287000,6.888287,8.400350,14921.937000,18.197484,21810.224000,0.357169703
aclnnRoll_RollAiCore_Roll,AI_CORE,36,6751.707000,6.751707,187.547417,103.324000,2.870111,6855.031000,0.350087791
aclnnSoftmaxBackward_SoftmaxGrad_SoftmaxGrad,AI_CORE,10,6598.947000,6.598947,659.894700,1.901000,0.190100,6600.848000,0.342166919
aclnnLeScalar_StridedSliceAiCore_StridedSlice,AI_CORE,952,6571.624000,6.571624,6.902966,11709.161000,12.299539,18280.785000,0.340750173
aclnnMatmul_MatMulCommon_MatMulV2,AI_CORE,32,6514.606000,6.514606,203.581438,8.988000,0.280875,6523.594000,0.337793691
aclnnNonzero_NonzeroAiCore_NonZero,AI_CORE,512,6296.286000,6.296286,12.297434,3510.056000,6.855578,9806.342000,0.326473418
aclnnInplaceCopy_TensorMoveAiCore_TensorMove,AI_CORE,146,6190.874000,6.190874,42.403247,25341.835000,173.574212,31532.709000,0.321007621
aclnnAdd_TransposeAiCore_Transpose,AI_CORE,98,6181.399000,6.181399,63.075500,6322.558000,64.515898,12503.957000,0.320516326
aclnnInplaceFillScalar_FillAiCore_Fill,AI_CORE,4867,6134.268000,6.134268,1.260380,440724.173000,90.553559,446858.441000,0.318072502
aclnnMuls_MulAiCore_Mul,AI_CORE,3376,5815.875000,5.815875,1.722712,66689.985000,19.754142,72505.860000,0.301563269
aclnnDivs_ViewCopyAiCore_ViewCopy,AI_CORE,2,5748.065000,5.748065,2874.032500,0.021000,0.010500,5748.086000,0.298047202
aclnnBatchNormBackward_BNTrainingReduceGrad_BNTrainingReduceGrad,AI_CORE,29,5713.384000,5.713384,197.013241,1.713000,0.059069,5715.097000,0.296248932
aclnnSWhere_SelectV2AiCore_SelectV2,AI_CORE,1047,5498.622000,5.498622,5.251788,15294.869000,14.608280,20793.491000,0.285113147
aclnnCat_ConcatD_ConcatD,AI_CORE,135,5455.433000,5.455433,40.410615,614.012000,4.548237,6069.445000,0.282873722
aclnnMaxDim_Max2AiCore_ArgMaxWithValue,AI_CORE,1,5356.113000,5.356113,5356.113000,0.091000,0.091000,5356.204000,0.277723807
aclnnStack_PackAiCore_Pack,AI_CORE,70,5332.915000,5.332915,76.184500,6607.696000,94.395657,11940.611000,0.276520950
aclnnMul_BroadcastToAiCore_BroadcastTo,AI_CORE,826,4771.064000,4.771064,5.776107,4841.755000,5.861689,9612.819000,0.247387995
aclnnConvolutionBackward_ReduceSumOpAiCore_ReduceSum,AI_CORE,70,4667.788000,4.667788,66.682686,83.732000,1.196171,4751.520000,0.242032954
aclnnSoftmax_SoftmaxAiCore_SoftmaxV2,AI_CORE,10,4655.626000,4.655626,465.562600,0.415000,0.041500,4656.041000,0.241402333
aclnnRelu_Relu_Relu,AI_CORE,60,4613.472000,4.613472,76.891200,529.840000,8.830667,5143.312000,0.239216575
aclnnConvolutionBackward_TransposeAiCore_Transpose,AI_CORE,12,4465.230000,4.465230,372.102500,9.174000,0.764500,4474.404000,0.231529968
aclnnBatchNorm_BatchNormV3_BatchNormV3,AI_CORE,29,4377.873000,4.377873,150.961138,22.671000,0.781759,4400.544000,0.227000355
allreduceAicpuKernel,HCCL,13,4344.831000,4.344831,334.217769,390.579000,30.044538,4735.410000,0.225287070
aclnnUpsampleBilinear2d_ResizeBilinearV2AICORE_ResizeBilinearV2,AI_CORE,2,4301.455000,4.301455,2150.727500,0.154000,0.077000,4301.609000,0.223037949
aclnnMuls_StridedSliceAiCore_StridedSlice,AI_CORE,531,4201.229000,4.201229,7.911919,41398.780000,77.963804,45600.009000,0.217841056
aclnnSubs_StridedSliceAiCore_StridedSlice,AI_CORE,480,4039.093000,4.039093,8.414777,36567.780000,76.182875,40606.873000,0.209434021
aclnnLayerNormBackward_LayerNormGradV3_LayerNormGradV3,AI_CORE,51,3977.283000,3.977283,77.985941,648.940000,12.724314,4626.223000,0.206229065
aclnnInplaceLerps_Lerp_Lerp,AI_CORE,543,3937.480000,3.937480,7.251344,2811.768000,5.178210,6749.248000,0.204165210
aclnnRepeat_TileAiCore_Tile,AI_CORE,19,3819.944000,3.819944,201.049684,1179.882000,62.099053,4999.826000,0.198070763
aclnnNonzero_NonzeroAiCore_MemSet,AI_CORE,512,3442.694000,3.442694,6.724012,37235.690000,72.725957,40678.384000,0.178509692
aclnnAdds_AddAiCore_Add,AI_CORE,1442,3355.041000,3.355041,2.326658,39906.286000,27.674262,43261.327000,0.173964731
aclnnAny_ReduceAny_ReduceAny,AI_CORE,689,3235.138000,3.235138,4.695411,22859.966000,33.178470,26095.104000,0.167747551
aclnnGtScalar_GreaterAiCore_Greater,AI_CORE,1492,3168.819000,3.168819,2.123873,88507.217000,59.321191,91676.036000,0.164308795
aclnnCast_CastAiCore_Cast,AI_CORE,950,3156.486000,3.156486,3.322617,13244.490000,13.941568,16400.976000,0.163669308
aclnnIndexPutImpl_TransposeAiCore_Transpose,AI_CORE,64,3148.376000,3.148376,49.193375,730.877000,11.419953,3879.253000,0.163248790
aclnnMatmul_MatMulV3Common_MatMulV3,AI_CORE,5,3017.600000,3.017600,603.520000,6.182000,1.236400,3023.782000,0.156467826
Cdist1,AI_CORE,232,2988.023000,2.988023,12.879409,24726.603000,106.580185,27714.626000,0.154934207
aclnnNanToNum_NanToNumAiCore_NanToNum,AI_CORE,268,2962.081000,2.962081,11.052541,6283.103000,23.444414,9245.184000,0.153589069
aclnnContiguous_TransposeAiCore_Transpose,AI_CORE,17,2910.202000,2.910202,171.188353,1603.660000,94.332941,4513.862000,0.150899053
aclnnUpsampleNearest2dV2_TransDataSpecial_TransData,AI_CORE,4,2815.044000,2.815044,703.761000,0.369000,0.092250,2815.413000,0.145964944
aclnnMatmul_TransposeAiCore_Transpose,AI_CORE,9,2670.727000,2.670727,296.747444,713.451000,79.272333,3384.178000,0.138481856
aclnnLayerNormWithImplMode_LayerNormV3WithImplMode_LayerNormV3,AI_CORE,51,2658.825000,2.658825,52.133824,1095.149000,21.473510,3753.974000,0.137864717
aclnnInplaceBitwiseOrTensor_LogicalOrAiCore_LogicalOr,AI_CORE,2048,2471.127000,2.471127,1.206605,26540.657000,12.959305,29011.784000,0.128132248
aclnnNeg_NegAiCore_Neg,AI_CORE,782,2455.167000,2.455167,3.139600,20439.076000,26.136926,22894.243000,0.127304694
aclnnIsFinite_IsFiniteAiCore_IsFinite,AI_CORE,260,2434.190000,2.434190,9.362269,15495.724000,59.598938,17929.914000,0.126217000
aclnnForeachAddListV2_ForeachAddListV2_ForeachAddList,AI_CORE,108,2311.075000,2.311075,21.398843,9205.831000,85.239176,11516.906000,0.119833272
aclnnUpsampleNearest2dV2_TransData_TransData,AI_CORE,2,2301.714000,2.301714,1150.857000,0.184000,0.092000,2301.898000,0.119347888
aclnnReduceSum_CastAiCore_Cast,AI_CORE,958,2292.100000,2.292100,2.392589,17039.134000,17.786152,19331.234000,0.118849385
aclnnBatchMatMul_BatchMatMulNd_MemSet,AI_CORE,280,2253.754000,2.253754,8.049121,10616.729000,37.916889,12870.483000,0.116861078
aclnnGridSampler2D_GridSample_GridSample,AI_CORE,1,2085.178000,2.085178,2085.178000,0.066000,0.066000,2085.244000,0.108120118
aclnnUpsampleBilinear2d_UpsampleBilinear2dNcdhw_UpsampleBilinear2d,AI_CORE,2,2052.039000,2.052039,1026.019500,1.900000,0.950000,2053.939000,0.106401803
aclnnConvolutionBackward_TransDataFzToDst_TransData,AI_CORE,36,1988.719000,1.988719,55.242194,1.763000,0.048972,1990.482000,0.103118551
aclnnDivs_RealDivAiCore_RealDiv,AI_CORE,110,1937.023000,1.937023,17.609300,13163.682000,119.669836,15100.705000,0.100438023
aclnnMean_TransposeAiCore_Transpose,AI_CORE,1,1913.322000,1.913322,1913.322000,0.524000,0.524000,1913.846000,0.099209085
aclnnBitwiseAndTensor_LogicalAndAiCore_LogicalAnd,AI_CORE,1468,1835.521000,1.835521,1.250355,25083.282000,17.086704,26918.803000,0.095174967
aclnnSign_SignAiCore_Sign,AI_CORE,213,1810.970000,1.810970,8.502207,6418.797000,30.135197,8229.767000,0.093901955
aclnnConvolution_TransDataFzToDst_TransData,AI_CORE,18,1770.826000,1.770826,98.379222,1.210000,0.067222,1772.036000,0.091820419
aclnnIndexPutImpl_BroadcastToAiCore_BroadcastTo,AI_CORE,1593,1748.527000,1.748527,1.097632,198687.601000,124.725424,200436.128000,0.090664177
aclnnDropoutDoMask_DropoutDoMaskAiCore_DropOutDoMask,AI_CORE,4,1706.566000,1.706566,426.641500,0.147000,0.036750,1706.713000,0.088488425
aclnnInplaceNanToNum_NanToNumAiCore_NanToNum,AI_CORE,559,1697.545000,1.697545,3.036753,8556.893000,15.307501,10254.438000,0.088020671
aclnnMatmul_MatMulCommon_MemSet,AI_CORE,32,1664.927000,1.664927,52.028969,545.103000,17.034469,2210.030000,0.086329371
aclnnSub_BroadcastToAiCore_BroadcastTo,AI_CORE,256,1625.220000,1.625220,6.348516,21758.330000,84.993477,23383.550000,0.084270493
aclnnLinalgVectorNorm_BroadcastToAiCore_BroadcastTo,AI_CORE,256,1486.307000,1.486307,5.805887,3555.862000,13.890086,5042.169000,0.077067612
aclnnMinDim_Min2AiCore_ArgMinWithValue,AI_CORE,232,1474.132000,1.474132,6.354017,6734.483000,29.027944,8208.615000,0.076436317
aclnnGeScalar_GreaterEqual_GreaterEqual,AI_CORE,987,1457.222000,1.457222,1.476415,1811.674000,1.835536,3268.896000,0.075559504
aclnnAbs_AbsAiCore_Abs,AI_CORE,217,1436.796000,1.436796,6.621180,3766.755000,17.358318,5203.551000,0.074500380
aclnnAdd_SliceAiCore_Slice,AI_CORE,20,1425.833000,1.425833,71.291650,1561.126000,78.056300,2986.959000,0.073931929
aclnnUpsampleBilinear2d_TransDataSpecial_TransData,AI_CORE,4,1407.931000,1.407931,351.982750,0.308000,0.077000,1408.239000,0.073003680
aclnnLeScalar_LessEqualAiCore_LessEqual,AI_CORE,977,1401.337000,1.401337,1.434327,1486.517000,1.521512,2887.854000,0.072661769
aclnnSubs_SubAiCore_Sub,AI_CORE,716,1400.067000,1.400067,1.955401,12898.752000,18.015017,14298.819000,0.072595917
hcom_allReduce__612_3_1,HCCL,1,1375.753000,1.375753,1375.753000,0.000000,0.000000,1375.753000,0.071335194
aclnnDivs_BroadcastToAiCore_BroadcastTo,AI_CORE,4,1349.633000,1.349633,337.408250,246.972000,61.743000,1596.605000,0.069980826
aclnnCast_BroadcastToAiCore_BroadcastTo,AI_CORE,128,1336.450000,1.336450,10.441016,317.111000,2.477430,1653.561000,0.069297265
hcom_allReduce__612_5_1,HCCL,1,1254.315000,1.254315,1254.315000,0.000000,0.000000,1254.315000,0.065038422
aclnnUpsampleNearest2dV2_ResizeNearestNeighborV2AICORE_ResizeNearestNeighborV2,AI_CORE,2,1239.316000,1.239316,619.658000,0.026000,0.013000,1239.342000,0.064260698
aclnnSWhere_BroadcastToAiCore_BroadcastTo,AI_CORE,204,1230.049000,1.230049,6.029652,3840.676000,18.826843,5070.725000,0.063780187
aclnnReduceSum_TransposeAiCore_Transpose,AI_CORE,7,1200.974000,1.200974,171.567714,2.038000,0.291143,1203.012000,0.062272598
aclnnForeachMulScalarV2_ForeachMulScalarV2_ForeachMulScalar,AI_CORE,36,1188.857000,1.188857,33.023806,1896.484000,52.680111,3085.341000,0.061644310
hcom_allReduce__612_2_1,HCCL,1,1188.336000,1.188336,1188.336000,0.000000,0.000000,1188.336000,0.061617296
hcom_allReduce__612_4_1,HCCL,1,1149.557000,1.149557,1149.557000,0.000000,0.000000,1149.557000,0.059606537
aclnnAdd_AxpyAiCore_Axpy,AI_CORE,311,1071.195000,1.071195,3.444357,8556.491000,27.512833,9627.686000,0.055543330
aclnnTriu_Triu_Triu,AI_CORE,128,1067.727000,1.067727,8.341617,1874.372000,14.643531,2942.099000,0.055363508
aclnnDropoutGenMaskV2_DSAGenBitMask_DSAGenBitMask,AI_CORE,2,989.180000,0.989180,494.590000,0.000000,0.000000,989.180000,0.051290709
aclnnUpsampleBilinear2d_TransData_TransData,AI_CORE,2,978.259000,0.978259,489.129500,0.000000,0.000000,978.259000,0.050724436
aclnnPowTensorScalar_PowsAiCore_Pows,AI_CORE,470,970.828000,0.970828,2.065591,11291.606000,24.024694,12262.434000,0.050339126
aclnnRepeatInterleaveIntWithDim_RepeatInterleaveV2_RepeatInterleave,AI_CORE,4,967.480000,0.967480,241.870000,0.790000,0.197500,968.270000,0.050165526
aclnnStack_TransposeAiCore_Transpose,AI_CORE,2,958.400000,0.958400,479.200000,734.911000,367.455500,1693.311000,0.049694713
aclnnDiv_BroadcastToAiCore_BroadcastTo,AI_CORE,132,951.363000,0.951363,7.207295,8292.732000,62.823727,9244.095000,0.049329832
ForeachMulList,AI_CORE,32,901.862000,0.901862,28.183188,2432.680000,76.021250,3334.542000,0.046763119
aclnnClampMin_ClipByValueV2AiCore_ClipByValueV2,AI_CORE,212,874.501000,0.874501,4.125005,1183.964000,5.584736,2058.465000,0.045344403
aclnnMuls_CastAiCore_Cast,AI_CORE,800,812.142000,0.812142,1.015178,21226.677000,26.533346,22038.819000,0.042110980
aclnnGridSampler2D_TransposeAiCore_Transpose,AI_CORE,1,794.684000,0.794684,794.684000,57.430000,57.430000,852.114000,0.041205752
aclnnRsubs_SubAiCore_Sub,AI_CORE,486,778.662000,0.778662,1.602185,11866.050000,24.415741,12644.712000,0.040374984
hcom_allReduce__612_1_1,HCCL,1,717.466000,0.717466,717.466000,0.226000,0.226000,717.692000,0.037201864
aclnnMm_MulAiCore_Mul,AI_CORE,318,715.701000,0.715701,2.250632,8033.983000,25.264097,8749.684000,0.037110346
aclnnOneHot_OneHot_OneHot,AI_CORE,24,709.265000,0.709265,29.552708,479.760000,19.990000,1189.025000,0.036776628
aclnnLtScalar_SliceAiCore_Slice,AI_CORE,232,697.513000,0.697513,3.006522,47680.445000,205.519159,48377.958000,0.036167266
aclnnConvolutionBackward_Conv2DBackpropFilterWithFlag_MemSet,AI_CORE,77,663.247000,0.663247,8.613597,414.126000,5.378260,1077.373000,0.034390514
aclnnLog_LogAiCore_Log,AI_CORE,482,658.387000,0.658387,1.365948,9787.279000,20.305558,10445.666000,0.034138515
aclnnSigmoid_SigmoidAiCore_Sigmoid,AI_CORE,476,645.542000,0.645542,1.356181,10838.014000,22.768937,11483.556000,0.033472479
hcom_allReduce__612_6_1,HCCL,1,642.187000,0.642187,642.187000,0.000000,0.000000,642.187000,0.033298517
aclnnReduceSum_SliceAiCore_Slice,AI_CORE,2,615.188000,0.615188,307.594000,0.221000,0.110500,615.409000,0.031898571
aclnnDivs_TransposeAiCore_Transpose,AI_CORE,1,606.528000,0.606528,606.528000,0.000000,0.000000,606.528000,0.031449535
aclnnConvolution_ConvTranspose2dWithFlag_Conv2DTranspose,AI_CORE,5,603.786000,0.603786,120.757200,0.250000,0.050000,604.036000,0.031307358
aclnnConvolutionBackward_TransDataToFzWithoutGroup_TransData,AI_CORE,36,599.853000,0.599853,16.662583,1.936000,0.053778,601.789000,0.031103425
aclnnThresholdBackward_SliceAiCore_Slice,AI_CORE,2,556.449000,0.556449,278.224500,0.221000,0.110500,556.670000,0.028852852
aclnnInplaceCopy_SliceAiCore_Slice,AI_CORE,5,553.210000,0.553210,110.642000,0.474000,0.094800,553.684000,0.028684904
aclnnCos_CosAiCore_Cos,AI_CORE,10,511.970000,0.511970,51.197000,0.587000,0.058700,512.557000,0.026546538
aclnnDiv_CastAiCore_Cast,AI_CORE,420,507.850000,0.507850,1.209167,13817.137000,32.897945,14324.987000,0.026332909
ForeachSqrt,AI_CORE,32,484.053000,0.484053,15.126656,3597.123000,112.410094,4081.176000,0.025098993
aclnnDiv_TransposeAiCore_Transpose,AI_CORE,8,484.050000,0.484050,60.506250,20.392000,2.549000,504.442000,0.025098837
aclnnSin_SinAiCore_Sin,AI_CORE,10,480.650000,0.480650,48.065000,0.355000,0.035500,481.005000,0.024922541
aclnnRoll_TransposeAiCore_Transpose,AI_CORE,24,479.430000,0.479430,19.976250,884.121000,36.838375,1363.551000,0.024859282
aclnnAll_ReduceAll_ReduceAll,AI_CORE,36,477.730000,0.477730,13.270278,562.870000,15.635278,1040.600000,0.024771134
hcom_allReduce__612_7_1,HCCL,1,449.151000,0.449151,449.151000,0.870000,0.870000,450.021000,0.023289263
aclnnBatchMatMul_TransposeAiCore_Transpose,AI_CORE,24,434.394000,0.434394,18.099750,20.776000,0.865667,455.170000,0.022524087
aclnnLayerNormBackward_TransposeAiCore_Transpose,AI_CORE,2,415.671000,0.415671,207.835500,22.290000,11.145000,437.961000,0.021553267
aclnnMax_ReduceMaxAiCore_ReduceMax,AI_CORE,232,411.211000,0.411211,1.772461,8427.792000,36.326690,8839.003000,0.021322008
aclnnRoll_TransposeV2AiCore_TransposeV2,AI_CORE,48,409.617000,0.409617,8.533687,2270.678000,47.305792,2680.295000,0.021239356
aclnnBatchNormBackward_BNTrainingUpdateGrad_MemSet,AI_CORE,29,402.994000,0.402994,13.896345,216.556000,7.467448,619.550000,0.020895942
aclnnSub_SliceAiCore_Slice,AI_CORE,41,390.814000,0.390814,9.532049,769.325000,18.764024,1160.139000,0.020264388
aclnnSub_StridedSliceAiCore_StridedSlice,AI_CORE,2,390.253000,0.390253,195.126500,0.050000,0.025000,390.303000,0.020235299
hcom_allReduce__612_8_1,HCCL,1,379.892000,0.379892,379.892000,376.161000,376.161000,756.053000,0.019698063
hcom_allReduce__612_9_1,HCCL,1,376.993000,0.376993,376.993000,0.108000,0.108000,377.101000,0.019547745
aclnnGtScalar_StridedSliceAiCore_StridedSlice,AI_CORE,3,368.533000,0.368533,122.844333,0.279000,0.093000,368.812000,0.019109079
aclnnSin_StridedSliceAiCore_StridedSlice,AI_CORE,10,365.552000,0.365552,36.555200,77.853000,7.785300,443.405000,0.018954509
aclnnLtScalar_LessAiCore_Less,AI_CORE,247,364.151000,0.364151,1.474296,423.047000,1.712741,787.198000,0.018881865
hcom_allReduce__612_10_1,HCCL,1,363.893000,0.363893,363.893000,0.257000,0.257000,364.150000,0.018868487
aclnnPowTensorScalar_PowAiCore_Pow,AI_CORE,9,357.074000,0.357074,39.674889,1157.813000,128.645889,1514.887000,0.018514910
aclnnEqScalar_SliceAiCore_Slice,AI_CORE,16,352.931000,0.352931,22.058187,643.812000,40.238250,996.743000,0.018300088
aclnnCos_StridedSliceAiCore_StridedSlice,AI_CORE,10,321.533000,0.321533,32.153300,0.445000,0.044500,321.978000,0.016672047
hcom_allReduce__612_0_1,HCCL,1,317.274000,0.317274,317.274000,0.000000,0.000000,317.274000,0.016451211
aclnnClamp_ClipByValueV2AiCore_ClipByValueV2,AI_CORE,37,291.453000,0.291453,7.877108,2432.375000,65.739865,2723.828000,0.015112347
aclnnForeachAddScalarV2_ForeachAddScalarV2_ForeachAddScalar,AI_CORE,18,284.434000,0.284434,15.801889,921.904000,51.216889,1206.338000,0.014748399
aclnnMinDim_CastAiCore_Cast,AI_CORE,232,256.612000,0.256612,1.106086,380.259000,1.639047,636.871000,0.013305780
aclnnConvolution_TransDataToFzWithoutGroup_TransData,AI_CORE,18,251.193000,0.251193,13.955167,0.646000,0.035889,251.839000,0.013024795
aclnnSoftmaxBackward_TransposeAiCore_Transpose,AI_CORE,1,249.175000,0.249175,249.175000,0.000000,0.000000,249.175000,0.012920159
aclnnMuls_SliceAiCore_Slice,AI_CORE,16,241.495000,0.241495,15.093438,1444.128000,90.258000,1685.623000,0.012521937
aclnnMaximum_StridedSliceAiCore_StridedSlice,AI_CORE,1,221.955000,0.221955,221.955000,0.000000,0.000000,221.955000,0.011508754
aclnnInplaceCopy_StridedSliceAiCore_StridedSlice,AI_CORE,10,219.117000,0.219117,21.911700,608.325000,60.832500,827.442000,0.011361599
ForeachDivList,AI_CORE,16,218.973000,0.218973,13.685813,1838.887000,114.930437,2057.860000,0.011354132
aclnnCat_SliceAiCore_Slice,AI_CORE,5,205.155000,0.205155,41.031000,199.870000,39.974000,405.025000,0.010637645
aclnnDiv_SliceAiCore_Slice,AI_CORE,1,198.976000,0.198976,198.976000,0.071000,0.071000,199.047000,0.010317253
SigmoidFocalLossGrad4,AI_CORE,8,192.877000,0.192877,24.109625,860.043000,107.505375,1052.920000,0.010001009
aclnnLtScalar_StridedSliceAiCore_StridedSlice,AI_CORE,2,186.636000,0.186636,93.318000,0.171000,0.085500,186.807000,0.009677402
aclnnConvolution_TransDataFzToDst_MemSet,AI_CORE,18,173.418000,0.173418,9.634333,0.964000,0.053556,174.382000,0.008992026
aclnnInplaceOne_OnesLikeAiCore_OnesLike,AI_CORE,129,173.098000,0.173098,1.341845,8655.581000,67.097527,8828.679000,0.008975433
aclnnDivs_StridedSliceAiCore_StridedSlice,AI_CORE,2,160.298000,0.160298,80.149000,0.254000,0.127000,160.552000,0.008311731
aclnnConvolutionBackward_TransDataFzToDst_MemSet,AI_CORE,18,156.536000,0.156536,8.696444,1.232000,0.068444,157.768000,0.008116665
SigmoidFocalLoss3,AI_CORE,8,149.535000,0.149535,18.691875,446.502000,55.812750,596.037000,0.007753651
aclnnMul_CastAiCore_Cast,AI_CORE,38,106.658000,0.106658,2.806789,646.852000,17.022421,753.510000,0.005530403
aclnnCumsum_CumsumAiCpu_Cumsum,AI_CPU,1,103.198000,0.103198,103.198000,210.720000,210.720000,313.918000,0.005350996
aclnnConvolutionBackward_TransDataToFzWithoutGroup_MemSet,AI_CORE,18,93.658000,0.093658,5.203222,0.704000,0.039111,94.362000,0.004856331
aclnnIndex_StridedSliceAiCore_StridedSlice,AI_CORE,8,89.778000,0.089778,11.222250,929.125000,116.140625,1018.903000,0.004655146
aclnnArange_ArangeAiCore_Range,AI_CORE,15,83.478000,0.083478,5.565200,533.369000,35.557933,616.847000,0.004328480
aclnnMatmul_BatchMatMulNd_MemSet,AI_CORE,1,83.099000,0.083099,83.099000,0.000000,0.000000,83.099000,0.004308828
aclnnLeScalar_SliceAiCore_Slice,AI_CORE,24,77.999000,0.077999,3.249958,661.450000,27.560417,739.449000,0.004044384
aclnnGeScalar_SliceAiCore_Slice,AI_CORE,24,76.839000,0.076839,3.201625,680.742000,28.364250,757.581000,0.003984236
aclnnCat_TensorMoveAiCore_TensorMove,AI_CORE,2,75.079000,0.075079,37.539500,0.000000,0.000000,75.079000,0.003892977
aclnnSigmoidBackward_SigmoidGradAiCore_SigmoidGrad,AI_CORE,8,67.398000,0.067398,8.424750,662.430000,82.803750,729.828000,0.003494704
aclnnNeScalar_SliceAiCore_Slice,AI_CORE,4,63.398000,0.063398,15.849500,282.930000,70.732500,346.328000,0.003287297
hcom_allReduce__612_11_1,HCCL,1,57.118000,0.057118,57.118000,0.107000,0.107000,57.225000,0.002961668
aclnnRepeat_TransposeAiCore_Transpose,AI_CORE,2,53.418000,0.053418,26.709000,0.220000,0.110000,53.638000,0.002769817
aclnnMuls_TransposeAiCore_Transpose,AI_CORE,4,51.978000,0.051978,12.994500,83.502000,20.875500,135.480000,0.002695150
aclnnMaximum_MaximumAiCore_Maximum,AI_CORE,1,50.679000,0.050679,50.679000,0.045000,0.045000,50.724000,0.002627795
aclnnIsFinite_TransposeAiCore_Transpose,AI_CORE,4,46.520000,0.046520,11.630000,274.132000,68.533000,320.652000,0.002412143
aclnnNanToNum_TransposeAiCore_Transpose,AI_CORE,4,45.359000,0.045359,11.339750,110.200000,27.550000,155.559000,0.002351943
aclnnLinalgVectorNorm_SliceAiCore_Slice,AI_CORE,8,43.718000,0.043718,5.464750,207.462000,25.932750,251.180000,0.002266855
aclnnMul_SliceAiCore_Slice,AI_CORE,8,42.939000,0.042939,5.367375,394.611000,49.326375,437.550000,0.002226462
aclnnAdd_CastAiCore_Cast,AI_CORE,20,41.880000,0.041880,2.094000,178.890000,8.944500,220.770000,0.002171551
aclnnNeg_StridedSliceAiCore_StridedSlice,AI_CORE,4,40.739000,0.040739,10.184750,85.000000,21.250000,125.739000,0.002112388
aclnnGtTensor_GreaterAiCore_Greater,AI_CORE,1,37.239000,0.037239,37.239000,0.110000,0.110000,37.349000,0.001930907
aclnnInplaceCopy_CastAiCore_Cast,AI_CORE,4,35.078000,0.035078,8.769500,0.907000,0.226750,35.985000,0.001818856
aclnnStack_StridedSliceAiCore_StridedSlice,AI_CORE,4,31.700000,0.031700,7.925000,78.670000,19.667500,110.370000,0.001643700
aclnnEluBackward_EluGradV2_EluGradV2,AI_CORE,4,30.060000,0.030060,7.515000,692.530000,173.132500,722.590000,0.001558663
aclnnSqrt_SqrtAiCore_Sqrt,AI_CORE,4,29.039000,0.029039,7.259750,68.610000,17.152500,97.649000,0.001505723
aclnnMaxDim_CastAiCore_Cast,AI_CORE,1,28.939000,0.028939,28.939000,0.000000,0.000000,28.939000,0.001500538
aclnnEmbeddingDenseBackward_EmbeddingDenseGradV2_EmbeddingDenseGradV2,AI_CORE,2,24.939000,0.024939,12.469500,2.340000,1.170000,27.279000,0.001293131
aclnnLinspace_LinspaceAiCore_LinSpace,AI_CORE,5,22.879000,0.022879,4.575800,87.323000,17.464600,110.202000,0.001186316
aclnnElu_EluAiCore_Elu,AI_CORE,4,22.298000,0.022298,5.574500,107.662000,26.915500,129.960000,0.001156190
aclnnExp_ExpAiCore_Exp,AI_CORE,4,21.880000,0.021880,5.470000,76.470000,19.117500,98.350000,0.001134516
hcom_allReduce__612_12_1,HCCL,1,20.760000,0.020760,20.760000,0.132000,0.132000,20.892000,0.001076442
aclnnMatmul_BroadcastToAiCore_BroadcastTo,AI_CORE,2,17.140000,0.017140,8.570000,0.090000,0.045000,17.230000,0.000888739
aclnnPowScalarTensor_PowAiCore_Pow,AI_CORE,4,16.720000,0.016720,4.180000,30.991000,7.747750,47.711000,0.000866961
aclnnEmbedding_GatherV2AiCore_GatherV2,AI_CORE,2,15.880000,0.015880,7.940000,0.110000,0.055000,15.990000,0.000823406
SigmoidFocalLossGrad5,AI_CORE,4,15.440000,0.015440,3.860000,569.110000,142.277500,584.550000,0.000800591
aclnnEmbeddingDenseBackward_EmbeddingDenseGradV2_MemSet,AI_CORE,2,13.660000,0.013660,6.830000,0.240000,0.120000,13.900000,0.000708295
SigmoidFocalLoss2,AI_CORE,4,13.220000,0.013220,3.305000,505.860000,126.465000,519.080000,0.000685480
aclnnAdd_BroadcastToAiCore_BroadcastTo,AI_CORE,1,11.759000,0.011759,11.759000,0.000000,0.000000,11.759000,0.000609725
aclnnRepeatInterleaveIntWithDim_CastAiCore_Cast,AI_CORE,8,10.700000,0.010700,1.337500,2.420000,0.302500,13.120000,0.000554814
aclnnNanToNum_TensorMoveAiCore_TensorMove,AI_CORE,1,9.600000,0.009600,9.600000,0.180000,0.180000,9.780000,0.000497777
aclnnNeScalar_NotEqualAiCore_NotEqual,AI_CORE,4,8.300000,0.008300,2.075000,0.221000,0.055250,8.521000,0.000430369
aclnnLogicalAnd_LogicalAndAiCore_LogicalAnd,AI_CORE,1,8.260000,0.008260,8.260000,14.180000,14.180000,22.440000,0.000428295
aclnnStack_ConcatD_ConcatD,AI_CORE,1,8.199000,0.008199,8.199000,73.050000,73.050000,81.249000,0.000425132
aclnnInplaceLogicalAnd_LogicalAndAiCore_LogicalAnd,AI_CORE,1,6.960000,0.006960,6.960000,14.510000,14.510000,21.470000,0.000360888
aclnnMatmul_SliceAiCore_Slice,AI_CORE,2,6.300000,0.006300,3.150000,659.151000,329.575500,665.451000,0.000326666
aclnnUpsampleBilinear2d_CastAiCore_Cast,AI_CORE,4,5.400000,0.005400,1.350000,1.159000,0.289750,6.559000,0.000279999
aclnnFloorDivides_FloorDivAiCore_FloorDiv,AI_CORE,4,5.080000,0.005080,1.270000,67.860000,16.965000,72.940000,0.000263407
aclnnRepeatInterleaveIntWithDim_BroadcastToAiCore_BroadcastTo,AI_CORE,4,4.360000,0.004360,1.090000,58.020000,14.505000,62.380000,0.000226074
aclnnProdDim_ReduceProdAICore_ReduceProd,AI_CORE,1,2.780000,0.002780,2.780000,116.130000,116.130000,118.910000,0.000144148
aclnnEmbeddingDenseBackward_CastAiCore_Cast,AI_CORE,2,2.760000,0.002760,1.380000,1.170000,0.585000,3.930000,0.000143111
aclnnInplaceUniform_DSARandomUniform_DSARandomUniform,AI_CORE,2,2.540000,0.002540,1.270000,7.004000,3.502000,9.544000,0.000131703
aclnnReciprocal_ReciprocalAiCore_Reciprocal,AI_CORE,1,1.380000,0.001380,1.380000,0.680000,0.680000,2.060000,0.000071555
